folder,Vcm_V,N,fail,vos_mean_mV,vos_sigma_mV,delay_mean_ps,delay_sigma_ps,delay_median_ps,tau_mean_ps,tau_sigma_ps
xcn_w0.5,1.2,500,0,-0.5306236999999999,10.436573967226511,118.80445599999999,1.330879135989902,118.9945,nan,nan
xcn_w0.5,1.65,500,0,0.17437690000000003,12.169889629477694,85.1940664,1.138044377412833,85.04939999999999,nan,nan
xcn_w0.5,2.0,500,0,1.6668738000000003,16.66737418463673,78.65485120000001,1.2359264635183642,78.46340000000001,nan,nan
xcn_w0.5,2.25,500,0,0.4424992000000001,20.31008958159057,77.3351738,1.3546794848327826,76.90125,nan,nan
xcn_w0.5,0.8,500,0,0.06749880000000004,9.29748749785037,303.363036,6.370203269133897,303.3305,nan,nan
xcn_w1,1.2,500,0,0.02250019999999999,9.932262969089887,118.91976000000001,1.3530731274311647,118.90549999999999,nan,nan
xcn_w1,1.65,500,0,-0.19874809999999996,11.508972099629554,80.18066,0.9123587965198638,80.34035,nan,nan
xcn_w1,2.0,500,0,0.33937239999999985,12.930399685808158,72.12391219999999,0.9459284846685688,72.01689999999999,nan,nan
xcn_w1,2.25,500,0,1.297499,14.463230746307024,70.3535158,0.9327704034871621,70.34565,nan,nan
xcn_w1,0.8,500,0,-0.06000039999999994,9.681014734794616,321.171388,6.915465337569571,321.489,nan,nan
xcn_w2,1.2,500,0,-0.6262502,10.039255443630513,130.90221400000001,1.4500699382635693,130.91299999999998,nan,nan
xcn_w2,1.65,500,0,-0.03562620000000004,10.984951509067606,82.79958439999999,0.8272629124342622,82.86250000000001,nan,nan
xcn_w2,2.0,500,0,-0.8118728,11.4469410368317,72.27632639999999,0.874151426112541,72.34685,nan,nan
xcn_w2,2.25,500,0,-0.350626,12.378206221526174,69.6213046,0.7128196438989994,69.63589999999999,nan,nan
xcn_w2,0.8,500,0,-0.13875169999999998,9.066301676391912,379.505484,9.206118968744503,379.772,nan,nan
xcn_w5,1.2,500,0,-0.01312369999999997,9.040704700592755,173.216914,3.2852289199867695,173.65550000000002,nan,nan
xcn_w5,1.65,500,0,-0.17812490000000003,10.046712299705366,101.2205542,0.9033111911730953,101.00500000000001,nan,nan
xcn_w5,2.0,500,0,0.26437540000000004,10.424790425207782,84.78963639999999,0.929437672751702,85.0081,nan,nan
xcn_w5,2.25,500,0,-0.42749919999999997,11.87952627839838,79.787137,0.9126180382495612,79.95355,nan,nan
xcn_w5,0.8,500,0,0.07312370000000001,9.19323690837838,563.53625,13.91546162093617,562.9300000000001,nan,nan
xcn_w10,1.2,500,0,0.886875,9.659579659253913,242.774402,2.9922398994110164,243.11100000000002,nan,nan
xcn_w10,1.65,500,0,-0.20624850000000014,10.339589977005758,135.161386,1.5674226528122837,134.696,nan,nan
xcn_w10,2.0,500,0,0.34687490000000004,10.816451918262066,108.66634400000001,0.8961177957566427,108.6495,nan,nan
xcn_w10,2.25,500,0,-0.3468742,10.72717148559615,100.07695740000001,1.1007489423448866,100.23100000000001,nan,nan
xcn_w10,0.8,500,0,0.8137477999999999,9.284583552973146,909.770448,26.14432755382665,907.9575,nan,nan
xcn_w15,1.2,500,0,-0.8718735000000001,9.401117484871756,310.97498600000006,4.634621700032143,312.051,nan,nan
xcn_w15,1.65,500,0,0.007498499999999978,9.399282026951159,169.456334,1.5604412723241923,169.39849999999998,nan,nan
xcn_w15,2.0,500,0,0.8906235000000001,11.170306710424411,134.206024,1.1070403878199426,134.169,nan,nan
xcn_w15,2.25,500,0,0.5643728999999998,11.09246241628991,121.67059800000001,1.3737142096723438,121.77900000000001,nan,nan
xcn_w15,0.8,500,0,0.12750029999999996,9.349379933485228,1209.6432399999999,33.292996048330465,1207.6,nan,nan
xcn_w20,1.2,500,0,0.2700004000000001,9.896627918035815,379.630248,3.779154087057506,380.079,nan,nan
xcn_w20,1.65,500,0,0.2268730999999999,10.218005714671602,204.76824,1.7766922437659587,204.68550000000002,nan,nan
xcn_w20,2.0,500,0,-0.3900013,10.721416948955955,160.08855799999998,1.8065784294847969,160.543,nan,nan
xcn_w20,2.25,500,0,0.5024974999999998,10.793857968622357,143.42006399999997,1.2934976630487687,143.271,nan,nan
xcn_w20,0.8,500,0,0.18187260000000002,9.091729215377057,1511.09636,44.3102312964567,1507.0449999999998,nan,nan
