folder,Vcm_V,N,fail,vos_mean_mV,vos_sigma_mV,delay_mean_ps,delay_sigma_ps
xcn_w1,1.2,200,0,-0.7265589999999998,10.461914596485904,118.86549,1.4232443367568874,118.90450000000001,nan,nan
xcn_w1,1.65,200,0,1.078125,11.349168163916875,80.1687475,0.952359506669339,80.17200000000001,nan,nan
xcn_w1,2.0,200,0,1.9078112499999997,12.56623121672912,72.1954135,0.8300858674888846,72.04455,nan,nan
xcn_w1,0.8,200,0,-0.5671849999999999,9.242803839846674,321.089725,6.5221925814655,321.68800000000005,nan,nan
xcn_w2,1.2,200,0,0.7125004999999999,9.792617298559922,130.794325,1.486562555201642,130.9545,nan,nan
xcn_w2,1.65,200,0,-0.22031349999999997,11.049744609250753,82.74551299999999,0.7635244559970084,82.73705000000001,nan,nan
xcn_w2,2.0,200,0,-0.09374850000000003,10.667627420422619,72.222306,0.8635661529184265,72.2501,nan,nan
xcn_w2,0.8,200,0,-0.47812550000000004,9.595228980947187,379.30964500000005,8.973499825293791,379.478,nan,nan
xcn_w5,1.2,200,0,-0.749997,9.61592247007501,173.039865,3.2401157986588376,173.593,nan,nan
xcn_w5,1.65,200,0,-1.3546857499999998,10.57288680242268,101.18827150000001,0.8810202910854386,101.01899999999999,nan,nan
xcn_w5,2.0,200,0,-0.5390604999999999,10.737338080202072,84.92055650000002,0.9220997565136667,85.23915,nan,nan
xcn_w5,0.8,200,0,0.65156025,9.493754837333297,564.010505,14.736380937518318,564.3915000000001,nan,nan
xcn_w10,1.2,200,0,0.82968275,9.065386754959766,242.69554,2.833539340537179,243.06600000000003,nan,nan
xcn_w10,1.65,200,0,-0.6000007499999999,10.358874453996206,135.116175,1.5339181263898458,134.7045,nan,nan
xcn_w10,2.0,200,0,1.0359322499999999,10.028654928537318,108.811795,0.8164478110176899,108.8435,nan,nan
xcn_w10,0.8,200,0,0.2109372499999999,9.223926272732177,907.1385700000001,25.632087693607087,907.0754999999999,nan,nan
xcn_w20,1.2,200,0,-0.004686249999999959,9.374989036465196,379.88413,3.966881567421664,380.524,nan,nan
xcn_w20,1.65,200,0,0.76406025,10.31251751852241,204.60296,1.612397353174028,204.4725,nan,nan
xcn_w20,2.0,200,0,-0.6515607499999999,10.5789450010836,160.015505,1.8393406372595518,160.519,nan,nan
xcn_w20,0.8,200,0,0.7312492499999999,9.509312171991402,1515.2268,41.775967638351645,1515.02,nan,nan
