wi_um,Vcm_mV,ov_uV,wn_um,N,fail,edge,vos_mean_mV,vos_sigma_mV,sigma_err_mV,delay_mean_ps,delay_sigma_ps
5,800,100,0.5,200,0,0,0.44,8.51,0.43,428.5,12.2
5,800,100,1,200,0,0,-0.13,8.74,0.44,449.5,13.3
5,800,100,2,200,0,0,-0.27,9.21,0.46,510.3,16.5
5,800,100,5,200,0,0,-0.47,8.38,0.42,709.3,23.7
5,800,100,10,200,0,0,0.24,7.71,0.39,1019.4,34.2
5,800,1000,0.5,200,0,0,0.44,8.51,0.43,379.3,8.1
5,800,1000,1,200,0,0,-0.13,8.74,0.44,402.3,9.6
5,800,1000,2,200,0,0,-0.27,9.21,0.46,470.3,12.4
5,800,1000,5,200,0,0,-0.47,8.38,0.42,681.1,20.8
5,800,1000,10,200,0,0,0.24,7.71,0.39,1008.2,32.2
5,800,10000,0.5,200,0,0,0.44,8.51,0.43,303.2,6.3
5,800,10000,1,200,0,0,-0.13,8.74,0.44,321.0,6.8
5,800,10000,2,200,0,0,-0.27,9.21,0.46,379.8,9.1
5,800,10000,5,200,0,0,-0.47,8.38,0.42,564.3,14.1
5,800,10000,10,200,0,0,0.24,7.71,0.39,905.2,25.2
5,1200,100,0.5,200,0,0,0.47,9.58,0.48,125.7,1.5
5,1200,100,1,200,0,0,-0.97,9.78,0.49,125.5,1.4
5,1200,100,2,200,0,0,-0.59,9.83,0.49,136.2,1.4
5,1200,100,5,200,0,0,0.63,8.69,0.44,180.0,3.5
5,1200,100,10,200,0,0,0.54,9.07,0.45,246.7,4.8
5,1200,1000,0.5,200,0,0,0.47,9.58,0.48,125.4,1.4
5,1200,1000,1,200,0,0,-0.97,9.78,0.49,125.1,1.4
5,1200,1000,2,200,0,0,-0.59,9.83,0.49,135.7,1.6
5,1200,1000,5,200,0,0,0.63,8.69,0.44,179.8,3.6
5,1200,1000,10,200,0,0,0.54,9.07,0.45,246.0,4.8
5,1200,10000,0.5,200,0,0,0.47,9.58,0.48,118.7,1.3
5,1200,10000,1,200,0,0,-0.97,9.78,0.49,119.0,1.4
5,1200,10000,2,200,0,0,-0.59,9.83,0.49,130.9,1.5
5,1200,10000,5,200,0,0,0.63,8.69,0.44,172.9,3.2
5,1200,10000,10,200,0,0,0.54,9.07,0.45,242.6,2.6
5,1650,100,0.5,200,0,0,-0.77,12.34,0.62,87.7,1.2
5,1650,100,1,200,0,0,-1.11,11.06,0.55,82.2,1.1
5,1650,100,2,200,0,0,-0.31,11.02,0.55,84.1,1.0
5,1650,100,5,200,0,0,0.10,10.27,0.51,103.1,1.1
5,1650,100,10,200,0,0,-0.29,10.58,0.53,137.3,1.6
5,1650,1000,0.5,200,0,0,-0.77,12.34,0.62,87.7,1.2
5,1650,1000,1,200,0,0,-1.11,11.06,0.55,82.1,1.1
5,1650,1000,2,200,0,0,-0.31,11.02,0.55,84.0,1.0
5,1650,1000,5,200,0,0,0.10,10.27,0.51,103.0,1.1
5,1650,1000,10,200,0,0,-0.29,10.58,0.53,137.0,1.7
5,1650,10000,0.5,200,0,0,-0.77,12.34,0.62,85.2,1.1
5,1650,10000,1,200,0,0,-1.11,11.06,0.55,80.1,0.9
5,1650,10000,2,200,0,0,-0.31,11.02,0.55,82.8,0.8
5,1650,10000,5,200,0,0,0.10,10.27,0.51,101.3,0.9
5,1650,10000,10,200,0,0,-0.29,10.58,0.53,135.4,1.5
5,2000,100,0.5,200,0,0,1.00,17.75,0.89,80.4,1.1
5,2000,100,1,200,0,0,1.17,12.70,0.64,73.5,1.0
5,2000,100,2,200,0,0,0.16,12.24,0.61,73.2,0.8
5,2000,100,5,200,0,0,0.51,11.00,0.55,85.9,0.8
5,2000,100,10,200,0,0,-0.69,10.89,0.55,109.5,1.0
5,2000,1000,0.5,200,0,0,1.00,17.75,0.89,80.3,1.3
5,2000,1000,1,200,0,0,1.17,12.70,0.64,73.5,1.0
5,2000,1000,2,200,0,0,0.16,12.24,0.61,73.1,0.8
5,2000,1000,5,200,0,0,0.51,11.00,0.55,85.9,0.9
5,2000,1000,10,200,0,0,-0.69,10.89,0.55,109.6,1.0
5,2000,10000,0.5,200,0,0,1.00,17.75,0.89,78.6,1.1
5,2000,10000,1,200,0,0,1.17,12.70,0.64,72.1,0.9
5,2000,10000,2,200,0,0,0.16,12.24,0.61,72.2,0.9
5,2000,10000,5,200,0,0,0.51,11.00,0.55,84.8,0.9
5,2000,10000,10,200,0,0,-0.69,10.89,0.55,108.7,0.9
5,2250,100,0.5,200,0,0,-1.87,19.68,0.99,78.8,1.1
5,2250,100,1,200,0,0,0.24,15.21,0.76,71.2,0.9
5,2250,100,2,200,0,0,-0.64,12.21,0.61,70.4,0.9
5,2250,100,5,200,0,0,0.74,11.37,0.57,80.5,0.8
5,2250,100,10,200,0,0,1.44,10.91,0.55,100.7,1.0
5,2250,1000,0.5,200,0,0,-1.87,19.68,0.99,78.6,1.1
5,2250,1000,1,200,0,0,0.24,15.21,0.76,71.4,1.0
5,2250,1000,2,200,0,0,-0.64,12.21,0.61,70.4,0.9
5,2250,1000,5,200,0,0,0.74,11.37,0.57,80.6,0.8
5,2250,1000,10,200,0,0,1.44,10.91,0.55,100.7,1.0
5,2250,10000,0.5,200,0,0,-1.87,19.68,0.99,77.2,1.3
5,2250,10000,1,200,0,0,0.24,15.21,0.76,70.2,1.0
5,2250,10000,2,200,0,0,-0.64,12.21,0.61,69.6,0.7
5,2250,10000,5,200,0,0,0.74,11.37,0.57,79.7,1.0
5,2250,10000,10,200,0,0,1.44,10.91,0.55,100.1,1.1
10,800,100,0.5,200,0,0,0.20,6.09,0.31,384.8,7.6
10,800,100,1,200,0,0,-0.40,6.95,0.35,385.6,7.3
10,800,100,2,200,0,0,-0.17,6.60,0.33,410.8,8.4
10,800,100,5,200,0,0,-0.35,6.44,0.32,502.0,11.2
10,800,100,10,200,0,0,-0.29,6.68,0.33,649.9,14.2
10,800,100,15,200,0,0,-1.39,6.32,0.32,801.0,16.7
10,800,1000,0.5,200,0,0,0.20,6.09,0.31,341.8,5.7
10,800,1000,1,200,0,0,-0.40,6.95,0.35,344.0,5.8
10,800,1000,2,200,0,0,-0.17,6.60,0.33,374.1,6.5
10,800,1000,5,200,0,0,-0.35,6.44,0.32,476.5,9.4
10,800,1000,10,200,0,0,-0.29,6.68,0.33,641.8,13.9
10,800,1000,15,200,0,0,-1.39,6.32,0.32,793.3,16.5
10,800,10000,0.5,200,0,0,0.20,6.09,0.31,275.0,3.8
10,800,10000,1,200,0,0,-0.40,6.95,0.35,277.1,4.0
10,800,10000,2,200,0,0,-0.17,6.60,0.33,303.0,4.5
10,800,10000,5,200,0,0,-0.35,6.44,0.32,395.5,6.6
10,800,10000,10,200,0,0,-0.29,6.68,0.33,577.2,11.0
10,800,10000,15,200,0,0,-1.39,6.32,0.32,725.7,14.0
10,1200,100,0.5,200,0,0,0.54,7.67,0.38,122.2,1.3
10,1200,100,1,200,0,0,0.43,7.61,0.38,117.3,1.0
10,1200,100,2,200,0,0,0.73,7.17,0.36,119.7,0.8
10,1200,100,5,200,0,0,-0.81,6.13,0.31,138.3,1.5
10,1200,100,10,200,0,0,-0.82,6.58,0.33,175.7,3.0
10,1200,100,15,200,0,0,0.53,7.27,0.36,205.9,2.1
10,1200,1000,0.5,200,0,0,0.54,7.67,0.38,121.9,1.3
10,1200,1000,1,200,0,0,0.43,7.61,0.38,116.5,1.0
10,1200,1000,2,200,0,0,0.73,7.17,0.36,119.1,1.0
10,1200,1000,5,200,0,0,-0.81,6.13,0.31,138.3,1.5
10,1200,1000,10,200,0,0,-0.82,6.58,0.33,175.6,2.9
10,1200,1000,15,200,0,0,0.53,7.27,0.36,205.8,1.8
10,1200,10000,0.5,200,0,0,0.54,7.67,0.38,115.2,1.1
10,1200,10000,1,200,0,0,0.43,7.61,0.38,111.2,0.8
10,1200,10000,2,200,0,0,0.73,7.17,0.36,114.8,1.0
10,1200,10000,5,200,0,0,-0.81,6.13,0.31,134.8,2.4
10,1200,10000,10,200,0,0,-0.82,6.58,0.33,168.6,3.2
10,1200,10000,15,200,0,0,0.53,7.27,0.36,204.5,1.4
10,1650,100,0.5,200,0,0,1.80,10.98,0.55,86.4,1.0
10,1650,100,1,200,0,0,0.64,8.33,0.42,78.7,0.7
10,1650,100,2,200,0,0,-0.77,8.04,0.40,77.3,0.6
10,1650,100,5,200,0,0,0.29,7.21,0.36,85.0,0.7
10,1650,100,10,200,0,0,-0.60,7.83,0.39,100.5,1.0
10,1650,100,15,200,0,0,-0.10,7.47,0.37,117.7,1.2
10,1650,1000,0.5,200,0,0,1.80,10.98,0.55,86.4,1.0
10,1650,1000,1,200,0,0,0.64,8.33,0.42,78.7,0.7
10,1650,1000,2,200,0,0,-0.77,8.04,0.40,77.2,0.6
10,1650,1000,5,200,0,0,0.29,7.21,0.36,85.0,0.7
10,1650,1000,10,200,0,0,-0.60,7.83,0.39,100.4,1.0
10,1650,1000,15,200,0,0,-0.10,7.47,0.37,117.5,1.2
10,1650,10000,0.5,200,0,0,1.80,10.98,0.55,83.9,0.9
10,1650,10000,1,200,0,0,0.64,8.33,0.42,76.8,0.6
10,1650,10000,2,200,0,0,-0.77,8.04,0.40,75.6,0.6
10,1650,10000,5,200,0,0,0.29,7.21,0.36,83.3,0.9
10,1650,10000,10,200,0,0,-0.60,7.83,0.39,99.3,0.6
10,1650,10000,15,200,0,0,-0.10,7.47,0.37,116.4,0.7
10,2000,100,0.5,200,0,0,-0.90,15.72,0.79,79.0,1.0
10,2000,100,1,200,0,0,-1.27,12.03,0.60,70.8,0.7
10,2000,100,2,200,0,0,0.67,9.03,0.45,68.1,0.7
10,2000,100,5,200,0,0,0.47,8.76,0.44,72.3,0.5
10,2000,100,10,200,0,0,0.16,7.90,0.40,83.5,0.7
10,2000,100,15,200,0,0,-0.10,8.56,0.43,96.3,1.0
10,2000,1000,0.5,200,0,0,-0.90,15.72,0.79,78.9,0.9
10,2000,1000,1,200,0,0,-1.27,12.03,0.60,70.8,0.8
10,2000,1000,2,200,0,0,0.67,9.03,0.45,68.1,0.7
10,2000,1000,5,200,0,0,0.47,8.76,0.44,72.4,0.5
10,2000,1000,10,200,0,0,0.16,7.90,0.40,83.5,0.6
10,2000,1000,15,200,0,0,-0.10,8.56,0.43,96.2,1.1
10,2000,10000,0.5,200,0,0,-0.90,15.72,0.79,77.5,1.1
10,2000,10000,1,200,0,0,-1.27,12.03,0.60,69.5,0.9
10,2000,10000,2,200,0,0,0.67,9.03,0.45,66.9,0.4
10,2000,10000,5,200,0,0,0.47,8.76,0.44,71.8,0.5
10,2000,10000,10,200,0,0,0.16,7.90,0.40,83.2,0.6
10,2000,10000,15,200,0,0,-0.10,8.56,0.43,95.3,1.0
10,2250,100,0.5,200,0,0,-0.82,18.61,0.93,77.5,1.0
10,2250,100,1,200,0,0,0.87,13.75,0.69,69.0,0.6
10,2250,100,2,200,0,0,0.17,9.15,0.46,65.8,0.8
10,2250,100,5,200,0,0,0.08,9.64,0.48,68.8,0.7
10,2250,100,10,200,0,0,0.04,8.57,0.43,77.9,0.8
10,2250,100,15,200,0,0,0.38,8.36,0.42,88.9,0.9
10,2250,1000,0.5,200,0,0,-0.82,18.61,0.93,77.4,1.0
10,2250,1000,1,200,0,0,0.87,13.75,0.69,69.0,0.7
10,2250,1000,2,200,0,0,0.17,9.15,0.46,65.7,0.8
10,2250,1000,5,200,0,0,0.08,9.64,0.48,68.8,0.7
10,2250,1000,10,200,0,0,0.04,8.57,0.43,77.9,0.8
10,2250,1000,15,200,0,0,0.38,8.36,0.42,89.0,0.9
10,2250,10000,0.5,200,0,0,-0.82,18.61,0.93,76.4,1.0
10,2250,10000,1,200,0,0,0.87,13.75,0.69,68.2,0.9
10,2250,10000,2,200,0,0,0.17,9.15,0.46,64.8,0.6
10,2250,10000,5,200,0,0,0.08,9.64,0.48,68.2,0.5
10,2250,10000,10,200,0,0,0.04,8.57,0.43,77.5,0.4
10,2250,10000,15,200,0,0,0.38,8.36,0.42,88.2,0.9
