wi_um,wn_um,Vcm_mV,N,fail,edge,vos_mean_mV,vos_sigma_mV,sigma_err_mV,delay_mean_ps,delay_sigma_ps
5,0.5,800,200,0,0,0.44,8.51,0.43,303.2,6.3
5,0.5,1200,200,0,0,0.47,9.58,0.48,118.7,1.3
5,0.5,1650,200,0,0,-0.77,12.34,0.62,85.2,1.1
5,0.5,2000,200,0,0,1.00,17.75,0.89,78.6,1.1
5,0.5,2250,200,0,0,-1.87,19.68,0.99,77.2,1.3
5,1,800,200,0,0,-0.13,8.74,0.44,321.0,6.8
5,1,1200,200,0,0,-0.97,9.78,0.49,119.0,1.4
5,1,1650,200,0,0,-1.11,11.06,0.55,80.1,0.9
5,1,2000,200,0,0,1.17,12.70,0.64,72.1,0.9
5,1,2250,200,0,0,0.24,15.21,0.76,70.2,1.0
5,2,800,200,0,0,-0.27,9.21,0.46,379.8,9.1
5,2,1200,200,0,0,-0.59,9.83,0.49,130.9,1.5
5,2,1650,200,0,0,-0.31,11.02,0.55,82.8,0.8
5,2,2000,200,0,0,0.16,12.24,0.61,72.2,0.9
5,2,2250,200,0,0,-0.64,12.21,0.61,69.6,0.7
5,5,800,200,0,0,-0.47,8.38,0.42,564.3,14.1
5,5,1200,200,0,0,0.63,8.69,0.44,172.9,3.2
5,5,1650,200,0,0,0.10,10.27,0.51,101.3,0.9
5,5,2000,200,0,0,0.51,11.00,0.55,84.8,0.9
5,5,2250,50,0,0,-0.20,10.61,1.07,79.8,0.8
10,0.5,800,200,0,0,0.20,6.09,0.31,275.0,3.8
10,0.5,1200,200,0,0,0.54,7.67,0.38,115.2,1.1
10,0.5,1650,200,0,0,1.80,10.98,0.55,83.9,0.9
10,0.5,2000,200,0,0,-0.90,15.72,0.79,77.5,1.1
10,0.5,2250,200,0,0,-0.82,18.61,0.93,76.4,1.0
10,1,800,200,0,0,-0.40,6.95,0.35,277.1,4.0
10,1,1200,200,0,0,0.43,7.61,0.38,111.2,0.8
10,1,1650,200,0,0,0.64,8.33,0.42,76.8,0.6
10,1,2000,200,0,0,-1.27,12.03,0.60,69.5,0.9
10,1,2250,200,0,0,0.87,13.75,0.69,68.2,0.9
10,2,800,200,0,0,-0.17,6.60,0.33,303.0,4.5
10,2,1200,200,0,0,0.73,7.17,0.36,114.8,1.0
10,2,1650,200,0,0,-0.77,8.04,0.40,75.6,0.6
10,2,2000,200,0,0,0.67,9.03,0.45,66.9,0.4
10,2,2250,200,0,0,0.17,9.15,0.46,64.8,0.6
10,5,800,200,0,0,-0.35,6.44,0.32,395.5,6.6
10,5,1200,200,0,0,-0.81,6.13,0.31,134.8,2.4
10,5,1650,200,0,0,0.29,7.21,0.36,83.3,0.9
10,5,2000,200,0,0,0.47,8.76,0.44,71.8,0.5
10,5,2250,200,0,0,0.08,9.64,0.48,68.2,0.5
10,10,800,200,0,0,-0.29,6.68,0.33,577.2,11.0
10,10,1200,200,0,0,-0.82,6.58,0.33,168.6,3.2
10,10,1650,200,0,0,-0.60,7.83,0.39,99.3,0.6
10,10,2000,200,0,0,0.16,7.90,0.40,83.2,0.6
10,10,2250,200,0,0,0.04,8.57,0.43,77.5,0.4
10,15,800,200,0,0,-1.39,6.32,0.32,725.7,14.0
10,15,1200,200,0,0,0.53,7.27,0.36,204.5,1.4
10,15,1650,200,0,0,-0.10,7.47,0.37,116.4,0.7
10,15,2000,200,0,0,-0.10,8.56,0.43,95.3,1.0
10,15,2250,200,0,0,0.38,8.36,0.42,88.2,0.9
